,Client_ID,Max_Value
592,1479,7.287908813897674
368,909,6.666128813897675
273,667,6.636942567098792
389,967,6.167173945225758
572,1434,5.9908532895150985
